level,description,status,reason,executed
0,"A site is classified as `Level 0` when it is unavailable or unusable, or when there is not enough evidence to establish that it meets `Level 1`.",pass,Baseline website grade,True
1,"To pass `Level 1`, the website must be available, usable, and clearly associated with the government institution. It must load reliably with valid DNS, HTTP, and TLS behavior.",pass,Public DNS resolved; No parked-domain marker found; No defacement marker found; No unrelated-content marker found; No generic-hosting marker found; HTTP probes did not all fail; No unrelated redirect found; No browser-blocking TLS error found; TLS certificate valid; TLS certificate valid,True
2,"To pass `Level 2`, citizens must be able to identify and contact the correct office for the service they need.",pass,"Published postal address: is being protected from spambots. You need JavaScript enabled to view it. <!-- document.write('</'); document.write('spa; Phone: 011-2872278 (9 phone numbers found); Email: <script type='text/javascript'>
 <!--
 var prefix = 'ma' + 'il' + 'to';
 var path = 'hr' + 'ef' + '=';
 var addy62703 = 'wmpg' + '@';
 addy62703 = addy62703 + 'cea' + '.' + 'lk';
 document.write('<a ' + path + '\'' + prefix + ':' + addy62703 + '\'>');
 document.write(addy62703);
 document.write('<\/a>');
 //-->\n </script><script type='text/javascript'>
 <!--
 document.write('<span style=\'display: none;\'>');
 //-->
 </script>This email address is being protected from spambots. You need JavaScript enabled to view it.
 <script type='text/javascript'>
 <!--
 document.write('</');
 document.write('span>');
 //-->
 </script>; Published named responsibility: division",True
3,"To pass `Level 3`, citizens must find complete and current instructions, requirements, fees, times, and usable forms.",inconclusive,No passing eligibility criteria evidence found; No passing required documents evidence found; No passing fees and payment evidence found; No passing processing time evidence found; No passing published update date evidence found,True
4,"To pass `Level 4`, citizens must be able to complete, pay for, track, and receive the outcome of a service online.",inconclusive,Not run because Level 3 did not pass,False
5,"To pass `Level 5`, services must be connected across agencies, proactive for eligible citizens, explainable, and accountable.",inconclusive,Not run because Level 4 did not pass,False
